2947581772880928.0, 59434.75239244269 
5851440069196161.0, 83738.78772102724 
8712223468893229.0, 102177.29272733485 
1.1530570931084228e+16, 117547.14548434873 
1.4307111936768038e+16, 130936.42793099355 
1.7042466629425594e+16, 142905.5594372993 
1.9737245953529616e+16, 153788.87990398693 
2.239205179099972e+16, 163805.17041115038 
2.5007477095633412e+16, 173107.0592808818 
2.7584106025542972e+16, 181806.16372679613 
3.01225140736278e+16, 189987.12055427718 
3.26232681961114e+16, 197715.9793405485 
3.508692693917166e+16, 205045.50363372918 
3.751404056369276e+16, 212018.66903324454 
3.990515116816655e+16, 218671.05619256402 
4.226079280977084e+16, 225032.53810896177 
4.458149162365165e+16, 231128.50084516214 
4.686776594043607e+16, 236980.74651594434 
4.9120126402002e+16, 242608.1742808945 
5.133907607553054e+16, 248027.3027240632 
5.352511056586663e+16, 253252.6766467638 
5.56787181262129e+16, 258297.18813819715 
5.7800379767181576e+16, 263172.3330672702 
5.989056936422876e+16, 267888.4182323283 
6.194975376349497e+16, 272454.73032593046 
6.3978392886075784e+16, 276879.6750037595 
6.597693983074571e+16, 281170.89229778975 
6.794584097515829e+16, 285335.3531283925 
6.988553607554503e+16, 289379.4405785996 
7.179645836493547e+16, 293309.01878180524 
7.367903464992022e+16, 297129.49166326376 
7.553368540597872e+16, 300845.85331119795 
7.736082487139283e+16, 304462.7313966187 
7.916086113976749e+16, 307984.4247845399 
8.093419625117882e+16, 311414.93626324565 
8.268122628197022e+16, 314758.0011480933 
8.44023414332165e+16, 318017.11238127365 
8.609792611787562e+16, 321195.5426410079 
8.776835904664784e+16, 324296.36388681846 
8.941401331256117e+16, 327322.46469720965 
9.103525647430202e+16, 330276.56569885294 
9.26324506383099e+16, 333161.2333394915 
9.420595253965434e+16, 335978.8922182036 
9.575611362171192e+16, 338731.8361547393 
9.728328011466168e+16, 341422.23815311847 
9.87877931128159e+16, 344052.159392526 
1.0026998865080397e+17, 346623.55735996505 
1.0173019777862603e+17, 349138.2932234896 
1.031687466355934e+17, 351598.1385316178 
1.0458595652317213e+17, 354004.7813133114 
1.0598214397674602e+17, 356359.83164335496 
1.0735762083631517e+17, 358664.8267298091 
1.0871269431614578e+17, 360921.23557321733 
1.100476670733868e+17, 363130.46324122924 
1.1136283727566872e+17, 365293.85479711613 
1.1265849866769965e+17, 367412.6989161667 
1.139349406368735e+17, 369488.2312200561 
1.1519244827790504e+17, 371521.6373558977 
1.1643130245650602e+17, 373514.05584373017 
1.176517798721169e+17, 375466.58071361703 
1.1885415311970795e+17, 377380.2639512653 
1.2003869075066366e+17, 379256.117769091 
1.2120565733276397e+17, 381095.1167179034 
1.2235531350927574e+17, 382898.19965284114 
1.2348791605716779e+17, 384666.2715658248 
1.2460371794446224e+17, 386400.205295586 
1.2570296838673523e+17, 388100.84312525566 
1.267859129027795e+17, 389768.9982765434 
1.2785279336944126e+17, 391405.4563086872 
1.2890384807564366e+17, 393010.97642959707 
1.299393117756089e+17, 394586.2927259317 
1.309594157412908e+17, 396132.11531824764 
1.3196438781402968e+17, 397649.13144680794 
1.3295445245544098e+17, 399138.0064931527 
1.3392983079754896e+17, 400599.3849420896 
1.3489074069217685e+17, 402033.89128836757 
1.3583739675960421e+17, 403442.1308919374 
1.3677001043650269e+17, 404824.69078537956 
1.3768879002316059e+17, 406182.14043678425 
1.3859394073000698e+17, 407515.03247110633 
1.3948566472344563e+17, 408823.90335277456 
1.4036416117100918e+17, 410109.27403211355 
1.4122962628584336e+17, 411371.6505579436 
1.4208225337053144e+17, 412611.5246585334 
1.4292223286026856e+17, 413829.3742929234 
1.4374975236539565e+17, 415025.66417448106 
1.445649967133024e+17, 416200.846268412 
1.4536814798970864e+17, 417355.36026482785 
1.4615938557933347e+17, 418489.63402884995 
1.4693888620596093e+17, 419604.08402912784 
1.4770682397191146e+17, 420699.11574605096 
1.4846337039692794e+17, 421775.12406084157 
1.4920869445648474e+17, 422832.4936266375 
1.4994296261952854e+17, 423871.59922259505 
1.5066633888565946e+17, 424892.80609197344 
1.5137898482176042e+17, 425896.4702650988 
1.5208105959808342e+17, 426882.9388680435 
1.5277272002380032e+17, 427852.55041780503 
1.5345412058202627e+17, 428805.63510471507 
1.5412541346432384e+17, 429742.51506276475 
1.54786748604695e+17, 430663.5046284859 
1.5543827371306925e+17, 431568.91058899113 
1.5608013430829456e+17, 432459.0324197338 
1.5671247375063933e+17, 433334.16251251963 
1.5733543327381203e+17, 434194.5863942638 
1.579491520165059e+17, 435040.5829369614 
1.5855376705347562e+17, 435872.42455930955 
1.5914941342615334e+17, 436690.377420394 
1.597362241728101e+17, 437494.7016058274 
1.6031433035827024e+17, 438285.65130670683 
1.608838611031847e+17, 439063.47499173344 
1.614449436128705e+17, 439828.41557282093 
1.6199770320572192e+17, 440580.710564497 
1.6254226334120074e+17, 441320.59223739104 
1.6307874564741085e+17, 442048.287766077 
1.6360726994826416e+17, 442764.01937153324 
1.6412795429024333e+17, 443468.0044584619 
1.646409149687676e+17, 444160.45574769896 
1.6514626655416752e+17, 444841.58140393463 
1.656441219172743e+17, 445511.5851589494 
1.6613459225462973e+17, 446170.66643056343 
1.6661778711332192e+17, 446819.02043748467 
1.670938144154529e+17, 447456.83831023145 
1.6756278048224304e+17, 448084.307198298 
1.6802479005777805e+17, 448701.61037371965 
1.684799463324037e+17, 449308.9273311915 
1.689283509657735e+17, 449906.4338848795 
1.6937010410955443e+17, 450494.3022620649 
1.6980530442979597e+17, 451072.7011937466 
1.702340491289673e+17, 451641.7960023286 
1.7065643396766752e+17, 452201.74868650676 
1.7107255328601395e+17, 452752.7180034676 
1.7148250002471306e+17, 453294.85954850534 
1.7188636574581885e+17, 453828.32583215775 
1.7228424065318336e+17, 454353.2663549576 
1.7267621361260384e+17, 454869.8276798914 
1.7306237217167098e+17, 455378.15350265376 
1.7344280257932275e+17, 455878.3847197793 
1.7381758980510826e+17, 456370.65949473437 
1.741868175581657e+17, 456855.1133220423 
1.7455056830591898e+17, 457331.8790895172 
1.749089232924968e+17, 457801.0871386743 
1.7526196255687872e+17, 458262.8653233842 
1.7560976495077194e+17, 458717.33906683396 
1.7595240815622282e+17, 459164.63141685666 
1.7628996870296736e+17, 459604.86309968727 
1.766225219855242e+17, 460038.1525721997 
1.7695014228003392e+17, 460464.61607268 
1.772729027608489e+17, 460884.3676701853 
1.7759087551687677e+17, 461297.5193125385 
1.7790413156768157e+17, 461704.18087300484 
1.7821274087934605e+17, 462104.46019569563 
1.785167723800987e+17, 462498.4631397423 
1.7881629397570883e+17, 462886.29362228216 
1.791113725646536e+17, 463268.05366029526 
1.794020740530597e+17, 463643.8434113308 
1.7968846336942365e+17, 464013.76121315925 
1.799706044791135e+17, 464377.90362238575 
1.802485603986558e+17, 464736.3654520584 
1.8052239320981027e+17, 465089.23980830313 
1.8079216407343578e+17, 465436.6181260177 
1.810579332431508e+17, 465778.59020365344 
1.8131976007879107e+17, 466115.24423711427 
1.815777030596677e+17, 466446.6668528005 
1.818318197976286e+17, 466772.94313982414 
1.8208216704992608e+17, 467094.156681421 
1.8232880073189366e+17, 467410.389585585 
1.825717759294349e+17, 467721.7225149475 
1.8281114691132688e+17, 468028.2347159262 
1.8304696714134112e+17, 468330.0040471626 
1.8327928929018477e+17, 468627.1070072732 
1.8350816524726477e+17, 468919.61876193207 
1.8373364613227734e+17, 469207.6131703053 
1.8395578230662563e+17, 469491.16281085677 
1.8417462338466797e+17, 469770.3390065433 
1.843902182447993e+17, 470045.21184941696 
1.846026150403683e+17, 470315.8502246519 
1.848118612104323e+17, 470582.32183401095 
1.850180034903531e+17, 470844.6932187702 
1.8522108792223514e+17, 471103.02978211484 
1.8542115986520915e+17, 471357.3958110221 
1.856182640055632e+17, 471607.8544976454 
1.8581244436672336e+17, 471854.4679602141 
1.8600374431908643e+17, 472097.297263461 
1.8619220658970672e+17, 472336.40243859217 
1.863778732718392e+17, 472571.84250280994 
1.865607858343411e+17, 472803.67547840305 
1.8674098513093398e+17, 473031.9584114139 
1.8691851140932858e+17, 473256.7473898951 
1.8709340432021395e+17, 473478.0975617664 
1.8726570292611373e+17, 473696.0631522821 
1.8743544571011062e+17, 473910.69748111995 
1.8760267058444173e+17, 474122.0529791004 
1.8776741489896627e+17, 474330.1812045468 
1.879297154495077e+17, 474535.13285929593 
1.8808960848607213e+17, 474736.9578043665 
1.8824712972094474e+17, 474935.7050752963 
1.8840231433666624e+17, 475131.422897155 
1.8855519699389085e+17, 475324.15869924164 
1.8870581183912787e+17, 475513.95912947465 
1.888541925123683e+17, 475700.87006848137 
1.890003721545983e+17, 475884.9366433956 
1.8914438341520147e+17, 476066.2032413703 
1.8928625845925088e+17, 476244.71352281165 
1.8942602897469334e+17, 476420.51043434214 
1.8956372617942688e+17, 476593.63622149907 
1.896993808282733e+17, 476764.1324411749 
1.8983302321984733e+17, 476932.03997380537 
1.8996468320332374e+17, 477097.3990353124 
1.900943901851044e+17, 477260.2491888065 
1.90222173135386e+17, 477420.6293560552 
1.9034806059463075e+17, 477578.5778287225 
1.9047208067994083e+17, 477734.13227938575 
1.9059426109133843e+17, 477887.329772334 
1.907146291179525e+17, 478038.2067741531 
1.9083321164411395e+17, 478186.79916410375 
1.909500351553601e+17, 478333.14224429574 
1.9106512574435037e+17, 478477.27074966376 
1.9117850911669418e+17, 478619.21885774995 
1.9129021059669216e+17, 478759.020198296 
1.9140025513299248e+17, 478896.70786265086 
1.9150866730416307e+17, 479032.31441299705 
1.9161547132418138e+17, 479165.8718914005 
1.9172069104784246e+17, 479297.4118286871 
1.9182434997608714e+17, 479426.9652531503 
1.9192647126125075e+17, 479554.5626990933 
1.9202707771223443e+17, 479680.2342152098 
1.9212619179959942e+17, 479804.00937280664 
1.9222383566058592e+17, 479925.9172738718 
1.9232003110405744e+17, 480045.9865589907 
1.9241479961537184e+17, 480164.2454151158 
1.9250816236118016e+17, 480280.7215831898 
1.9260014019415414e+17, 480395.44236562867 
1.926907536576437e+17, 480508.4346336649 
1.927800229902654e+17, 480619.7248345564 
1.9286796813042266e+17, 480729.33899866167 
1.92954608720759e+17, 480837.30274638516 
1.930399641125454e+17, 480943.6412949962 
1.931240533700023e+17, 481048.3794653227 
1.9320689527455763e+17, 481151.5416883231 
1.932885083290417e+17, 481253.1520115394 
1.9336891076181978e+17, 481353.2341054328 
1.934481205308635e+17, 481451.8112696055 
1.935261553277617e+17, 481548.9064389095 
1.936030325816719e+17, 481644.542189447 
1.9367876946321315e+17, 481738.7407444618 
1.9375338288830106e+17, 481831.52398012683 
1.93826889521926e+17, 481922.91343122703 
1.9389930578187533e+17, 482012.93029674253 
1.9397064784240013e+17, 482101.5954453316 
1.940409316378279e+17, 482188.9294207175 
1.9411017286612154e+17, 482274.9524469797 
1.9417838699238534e+17, 482359.68443375174 
1.942455892523193e+17, 482443.1449813282 
1.943117946556219e+17, 482525.35338568216 
1.9437701798934262e+17, 482606.328643394 
1.944412738211847e+17, 482686.0894564955 
1.9450457650275866e+17, 482764.65423722815 
1.945669401727879e+17, 482842.0411127201 
1.9462837876026656e+17, 482918.267929581 
1.9468890598757062e+17, 482993.35225841793 
1.947485353735227e+17, 483067.311398273 
1.948072802364116e+17, 483140.1623809845 
1.948651536969669e+17, 483211.9219754735 
1.949221686812896e+17, 483282.6066919563 
1.9497833792373894e+17, 483352.2327860848 
1.9503367396977693e+17, 483420.8162630167 
1.9508818917877014e+17, 483488.3728814154 
1.9514189572675037e+17, 483554.9181573827 
1.95194805609134e+17, 483620.46736832336 
1.952469306434014e+17, 483685.03555674595 
1.9529828247173616e+17, 483748.6375339974 
1.9534887256362547e+17, 483811.2878839359 
1.953987122184219e+17, 483873.00096654095 
1.9544781256786704e+17, 483933.7909214632 
1.9549618457857782e+17, 483993.671671514 
1.9554383905449597e+17, 484052.65692609723 
1.9559078663930093e+17, 484110.7601845825 
1.9563703781878733e+17, 484167.9947396231 
1.9568260292320685e+17, 484224.3736804178 
1.9572749212957555e+17, 484279.9098959184 
1.9577171546394698e+17, 484334.61607798433 
1.958152828036514e+17, 484388.504724484 
1.9585820387950192e+17, 484441.58814234554 
1.9590048827796797e+17, 484493.8784505568 
1.9594214544331635e+17, 484545.38758311496 
1.9598318467972064e+17, 484596.12729192886 
1.9602361515333936e+17, 484646.1091496719 
1.9606344589436314e+17, 484695.3445525894 
1.961026857990317e+17, 484743.844723259 
1.9614134363162086e+17, 484791.6207133054 
1.9617942802639994e+17, 484838.6834060719 
1.962169474895603e+17, 484885.0435192468 
1.9625391040111517e+17, 484930.71160744753 
1.962903250167715e+17, 484975.69806476304 
1.963261994697736e+17, 485020.01312725357 
1.9636154177271994e+17, 485063.6668754107 
1.9639635981935267e+17, 485106.66923657723 
1.9643066138632074e+17, 485149.02998732735 
1.9646445413491674e+17, 485190.75875580864 
1.964977456127882e+17, 485231.8650240459 
1.965305432556232e+17, 485272.3581302077 
1.965628543888113e+17, 485312.2472708367 
1.9659468622907952e+17, 485351.54150304326 
1.9662604588610435e+17, 485390.2497466644 
1.9665694036409962e+17, 485428.38078638766 
1.9668737656338086e+17, 485465.9432738407 
1.967173612819066e+17, 485502.9457296476 
1.967469012167966e+17, 485539.39654545183 
1.967760029658278e+17, 485575.30398590764 
1.9680467302890778e+17, 485610.67619063804 
1.9683291780952653e+17, 485645.5211761631 
1.9686074361618685e+17, 485679.8468377964 
1.968881566638132e+17, 485713.6609515117 
1.969151630751398e+17, 485746.9711757793 
1.9694176888207834e+17, 485779.78505337425 
1.9696798002706496e+17, 485812.11001315445 
1.9699380236438765e+17, 485843.9533718112 
1.970192416614938e+17, 485875.3223355925 
1.9704430360027834e+17, 485906.2240019975 
1.970689937783528e+17, 485936.6653614457 
1.9709331771029558e+17, 485966.6532989189 
1.9711728082888355e+17, 485996.19459557685 
1.9714088848630554e+17, 486025.2959303484 
1.9716414595535776e+17, 486053.96388149675 
1.9718705843062144e+17, 486082.2049281601 
1.9720963102962307e+17, 486110.0254518682 
1.972318687939774e+17, 486137.431738035 
1.9725377669051357e+17, 486164.4299774279 
1.9727535961238426e+17, 486191.02626761334 
1.9729662238015875e+17, 486217.2266143806 
1.973175697428996e+17, 486243.0369331426 
1.973382063792232e+17, 486268.46305031463 
1.97358536898345e+17, 486293.5107046724 
1.973785658411087e+17, 486318.1855486874 
1.973982976810007e+17, 486342.49314984295 
1.9741773682514906e+17, 486366.43899192824 
1.9743688761530797e+17, 486390.0284763131 
1.9745575432882742e+17, 486413.26692320255 
1.974743411796086e+17, 486436.1595728717 
1.9749265231904506e+17, 486458.7115868819 
1.9751069183694982e+17, 486480.9280492767 
1.9752846376246906e+17, 486502.81396776123 
1.9754597206498182e+17, 486524.37427486107 
1.975632206549867e+17, 486545.6138290645 
1.9758021338497517e+17, 486566.5374159467 
1.9759695405029216e+17, 486587.14974927634 
1.976134463899836e+17, 486607.4554721049 
1.9762969408763174e+17, 486627.45915783953 
1.9764570077217763e+17, 486647.1653112989 
1.9766147001873184e+17, 486666.5783697529 
1.9767700534937286e+17, 486685.70270394615 
1.976923102339339e+17, 486704.5426191059 
1.9770738809077766e+17, 486723.1023559339 
1.9772224228756006e+17, 486741.3860915836 
1.9773687614198224e+17, 486759.3979406215 
1.9775129292253165e+17, 486777.14195597434 
1.9776549584921206e+17, 486794.6221298616 
1.9777948809426272e+17, 486811.84239471296 
1.977932727828669e+17, 486828.80662407255 
1.9780685299385e+17, 486845.5186334888 
1.9782023176036694e+17, 486861.98218139034 
1.9783341207057997e+17, 486878.200969949 
1.9784639686832582e+17, 486894.1786459298 
1.9785918905377334e+17, 486909.91880152613 
1.9787179148407117e+17, 486925.42497518467 
1.9788420697398595e+17, 486940.70065241563 
1.97896438296531e+17, 486955.74926659133 
1.9790848818358563e+17, 486970.57419973286 
1.979203593265053e+17, 486985.17878328386 
1.9793205437672288e+17, 486999.5662988732 
1.979435759463406e+17, 487013.73997906566 
1.9795492660871373e+17, 487027.703008101 
1.9796610889902512e+17, 487041.4585226219 
1.9797712531485162e+17, 487055.0096123912 
1.979879783167218e+17, 487068.359320997 
1.979986703286655e+17, 487081.51064654853 
1.9800920373875536e+17, 487094.46654235973 
1.980195808996401e+17, 487107.22991762415 
1.9802980412906995e+17, 487119.8036380778 
1.9803987571041443e+17, 487132.19052665355 
1.9804979789317232e+17, 487144.39336412423 
1.98059572893474e+17, 487156.41488973674 
1.980692028945765e+17, 487168.2578018361 
1.9807869004735117e+17, 487179.9247584803 
1.9808803647076397e+17, 487191.41837804526 
1.9809724425234883e+17, 487202.7412398214 
1.981063154486739e+17, 487213.8958846004 
1.981152520858008e+17, 487224.88481525355 
1.9812405615973728e+17, 487235.7104973008 
1.9813272963688288e+17, 487246.3753594716 
1.9814127445446826e+17, 487256.8817942573 
1.9814969252098778e+17, 487267.2321584546 
1.9815798571662586e+17, 487277.4287737012 
1.9816615589367686e+17, 487287.47392700356 
1.981742048769588e+17, 487297.3698712557 
1.9818213446422086e+17, 487307.1188257511 
1.9818994642654512e+17, 487316.72297668684 
1.9819764250874192e+17, 487326.1844776591 
1.9820522442973965e+17, 487335.50545015227 
1.982126938829687e+17, 487344.6879840199 
1.9822005253673965e+17, 487353.734137959 
1.982273020346159e+17, 487362.6459399767 
1.9823444399578077e+17, 487371.4253878497 
1.9824148001539907e+17, 487380.0744495774 
1.9824841166497357e+17, 487388.59506382805 
1.9825524049269578e+17, 487396.9891403772 
1.9826196802379184e+17, 487405.25856054085 
1.9826859576086323e+17, 487413.4051776014 
1.982751251842223e+17, 487421.4308172271 
1.9828155775222294e+17, 487429.33727788535 
1.9828789490158627e+17, 487437.12633124983 
1.9829413804772154e+17, 487444.7997226012 
1.9830028858504227e+17, 487452.3591712219 
1.9830634788727776e+17, 487459.8063707854 
1.9831231730777978e+17, 487467.14298973884 
1.9831819817982496e+17, 487474.3706716803 
1.9832399181691254e+17, 487481.4910357305 
1.9832969951305773e+17, 487488.50567689864 
1.983353225430807e+17, 487495.41616644285 
1.9834086216289142e+17, 487502.22405222536 
1.9834631960977002e+17, 487508.9308590617 
1.9835169610264323e+17, 487515.5380890659 
1.9835699284235667e+17, 487522.0472219889 
1.9836221101194298e+17, 487528.45971555304 
1.98367351776886e+17, 487534.777005781 
1.983724162853813e+17, 487541.00050732045 
1.983774056685924e+17, 487547.13161376235 
1.9838232104090346e+17, 487553.17169795634 
1.9838716350016832e+17, 487559.12211231986 
1.9839193412795555e+17, 487564.9841891435 
1.9839663398979014e+17, 487570.7592408916 
1.9840126413539136e+17, 487576.4485604978 
1.984058255989073e+17, 487582.053421657 
1.9841031939914586e+17, 487587.57507911243 
1.9841474653980227e+17, 487593.0147689382 
1.9841910800968323e+17, 487598.3737088182 
1.9842340478292784e+17, 487603.65309832053 
1.9842763781922512e+17, 487608.85411916755 
1.9843180806402835e+17, 487613.97793550236 
1.984359164487663e+17, 487619.0256941508 
1.9843996389105123e+17, 487623.99852488004 
1.9844395129488378e+17, 487628.89754065283 
1.98447879550855e+17, 487633.7238378782 
1.9845174953634518e+17, 487638.47849665827 
1.984555621157198e+17, 487643.1625810314 
1.9845931814052266e+17, 487647.7771392117 
1.9846301844966602e+17, 487652.32320382516 
1.9846666386961795e+17, 487656.80179214175 
1.9847025521458707e+17, 487661.21390630456 
1.9847379328670416e+17, 487665.5605335553 
1.9847727887620154e+17, 487669.8426464559 
1.9848071276158944e+17, 487674.0612031083 
1.9848409570982995e+17, 487678.21714736876 
1.9848742847650826e+17, 487682.3114090611 
1.9849071180600144e+17, 487686.3449041852 
1.9849394643164477e+17, 487690.3185351235 
1.9849713307589542e+17, 487694.2331908431 
1.985002724504939e+17, 487698.08974709664 
1.9850336525662294e+17, 487701.88906661834 
1.9850641218506422e+17, 487705.63199931814 
1.9850941391635254e+17, 487709.31938247295 
1.9851237112092787e+17, 487712.95204091456 
1.985152844592851e+17, 487716.53078721504 
1.9851815458212154e+17, 487720.0564218694 
1.9852098213048227e+17, 487723.5297334754 
1.9852376773590336e+17, 487726.95149891067 
1.985265120205528e+17, 487730.3224835071 
1.985292155973696e+17, 487733.6434412231 
1.9853187907020058e+17, 487736.9151148126 
1.9853450303393536e+17, 487740.13823599205 
1.9853708807463907e+17, 487743.31352560443 
1.9853963476968342e+17, 487746.44169378164 
1.9854214368787555e+17, 487749.52344010334 
1.985446153895851e+17, 487752.55945375457 
1.985470504268693e+17, 487755.5504136799 
1.9854944934359648e+17, 487758.49698873627 
1.985518126755673e+17, 487761.3998378431 
1.9855414095063453e+17, 487764.2596101297 
1.9855643468882096e+17, 487767.0769450815 
1.9855869440243552e+17, 487769.8524726834 
1.9856092059618774e+17, 487772.5868135609 
1.9856311376730045e+17, 487775.2805791197 
1.9856527440562083e+17, 487777.9343716825 
1.985674029937298e+17, 487780.54878462455 
1.9856950000704986e+17, 487783.1244025063 
1.9857156591395123e+17, 487785.6618012048 
1.985736011758565e+17, 487788.16154804314 
1.9857560624734365e+17, 487790.6242019169 
1.9857758157624755e+17, 487793.05031342024 
1.9857952760376013e+17, 487795.4404249692 
1.9858144476452877e+17, 487797.795070923 
1.985833334867534e+17, 487800.1147777043 
1.9858519419228224e+17, 487802.4000639169 
1.985870272967059e+17, 487804.6514404622 
1.985888332094502e+17, 487806.8694106538 
1.9859061233386784e+17, 487809.05447032995 
1.9859236506732813e+17, 487811.2071079652 
1.9859409180130605e+17, 487813.3278047796 
1.9859579292146954e+17, 487815.4170348467 
1.9859746880776563e+17, 487817.47526519955 
1.9859911983450538e+17, 487819.5029559358 
1.986007463704474e+17, 487821.5005603203 
1.986023487788803e+17, 487823.46852488705 
1.9860392741770374e+17, 487825.4072895394 
1.9860548263950845e+17, 487827.317287648 
1.9860701479165494e+17, 487829.19894614845 
1.9860852421635104e+17, 487831.05268563674 
1.9861001125072845e+17, 487832.87892046367 
1.986114762269179e+17, 487834.6780588273 
1.9861291947212342e+17, 487836.45050286484 
1.9861434130869546e+17, 487838.1966487424 
1.9861574205420275e+17, 487839.9168867439 
1.9861712202150333e+17, 487841.61160135845 
1.9861848151881443e+17, 487843.2811713665 
1.9861982084978125e+17, 487844.92596992466 
1.9862114031354483e+17, 487846.546364649 
1.9862244020480886e+17, 487848.14271769807 
1.9862372081390547e+17, 487849.71538585325 
1.9862498242686013e+17, 487851.26472059917 
1.9862622532545546e+17, 487852.79106820194 
1.986274497872942e+17, 487854.29476978735 
1.986286560858613e+17, 487855.7761614166 
1.9862984449058486e+17, 487857.23557416175 
1.9863101526689635e+17, 487858.67333418026 
1.9863216867628995e+17, 487860.08976278733 
1.9863330497638093e+17, 487861.4851765283 
1.9863442442096314e+17, 487862.85988724924 
1.9863552726006576e+17, 487864.2142021672 
1.9863661374000912e+17, 487865.54842393845 
1.986376841034597e+17, 487866.8628507265 
1.9863873858948438e+17, 487868.1577762689 
1.9863977743360374e+17, 487869.4334899428 
1.986408008678448e+17, 487870.6902768299 
1.9864180912079267e+17, 487871.92841778003 
1.9864280241764176e+17, 487873.1481894743 
1.98643780980246e+17, 487874.3498644869 
1.9864474502716848e+17, 487875.5337113459 
1.9864569477373008e+17, 487876.6999945936 
1.9864663043205776e+17, 487877.84897484584 
1.9864755221113184e+17, 487878.9809088498 
1.9864846031683267e+17, 487880.0960495421 
1.986493549519867e+17, 487881.1946461049 
1.9865023631641162e+17, 487882.27694402175 
1.9865110460696115e+17, 487883.34318513295 
1.9865196001756896e+17, 487884.39360768907 
1.9865280273929194e+17, 487885.4284464045 
1.986536329603529e+17, 487886.4479325101 
1.9865445086618262e+17, 487887.45229380473 
1.9865525663946128e+17, 487888.44175470626 
1.9865605046015923e+17, 487889.41653630196 
1.9865683250557718e+17, 487890.37685639755 
1.9865760295038586e+17, 487891.32292956655 
1.9865836196666493e+17, 487892.2549671976 
1.9865910972394154e+17, 487893.17317754216 
1.9865984638922806e+17, 487894.07776576106 
1.9866057212705952e+17, 487894.96893397026 
1.9866128709953024e+17, 487895.8468812862 
1.986619914663301e+17, 487896.7118038701 
1.9866268538478026e+17, 487897.56389497226 
1.986633690098681e+17, 487898.40334497485 
1.9866404249428205e+17, 487899.2303414347 
1.986647059884456e+17, 487900.0450691253 
1.986653596405509e+17, 487900.847710078 
1.986660035965919e+17, 487901.6384436227 
1.9866663800039683e+17, 487902.4174464279 
1.986672629936605e+17, 487903.1848925409 
1.9866787871597587e+17, 487903.9409534255 
1.9866848530486515e+17, 487904.6857980013 
1.9866908289581066e+17, 487905.41959268117 
1.9866967162228496e+17, 487906.1425014084 
1.9867025161578077e+17, 487906.8546856935 
1.986708230058403e+17, 487907.5563046503 
1.986713859200841e+17, 487908.2475150313 
1.9867194048423974e+17, 487908.9284712632 
1.986724868221697e+17, 487909.59932548075 
1.9867302505589917e+17, 487910.2602275614 
1.9867355530564323e+17, 487910.9113251585 
1.9867407768983376e+17, 487911.5527637344 
1.9867459232514582e+17, 487912.1846865929 
1.9867509932652378e+17, 487912.80723491136 
1.9867559880720694e+17, 487913.42054777226 
1.9867609087875488e+17, 487914.02476219425 
1.9867657565107232e+17, 487914.6200131629 
1.986770532324337e+17, 487915.20643366064 
1.9867752372950733e+17, 487915.78415469686 
1.9867798724737923e+17, 487916.3533053368 
1.9867844388957664e+17, 487916.9140127306 
1.986788937580911e+17, 487917.46640214184 
1.986793369534012e+17, 487918.01059697533 
1.9867977357449517e+17, 487918.54671880475 
1.9868020371889277e+17, 487919.0748874 
1.986806274826672e+17, 487919.5952207537 
1.986810449604666e+17, 487920.1078351078 
1.9868145624553507e+17, 487920.61284497933 
1.986818614297336e+17, 487921.1103631864 
1.9868226060356054e+17, 487921.6005008728 
1.9868265385617178e+17, 487922.0833675336 
1.986830412754007e+17, 487922.55907103885 
1.9868342294777786e+17, 487923.02771765843 
1.9868379895855018e+17, 487923.4894120851 
1.9868416939170006e+17, 487923.9442574585 
1.986845343299642e+17, 487924.3923553878 
1.986848938548519e+17, 487924.8338059747 
1.986852480466635e+17, 487925.2687078354 
1.9868559698450806e+17, 487925.69715812337 
1.9868594074632128e+17, 487926.11925255007 
1.9868627940888272e+17, 487926.53508540726 
1.9868661304783306e+17, 487926.9447495875 
1.9868694173769088e+17, 487927.34833660524 
1.9868726555186947e+17, 487927.74593661696 
1.9868758456269306e+17, 487928.13763844164 
1.9868789884141306e+17, 487928.5235295803 
1.9868820845822397e+17, 487928.903696236 
1.9868851348227907e+17, 487929.2782233327 
1.986888139817058e+17, 487929.6471945342 
1.9868911002362102e+17, 487930.0106922631 
1.9868940167414605e+17, 487930.3687977192 
1.986896889984213e+17, 487930.7215908976 
1.9868997206062102e+17, 487931.0691506064 
1.9869025092396742e+17, 487931.41155448457 
1.9869052565074496e+17, 487931.7488790192 
1.9869079630231418e+17, 487932.08119956247 
1.9869106293912538e+17, 487932.4085903488 
1.986913256207322e+17, 487932.73112451105 
1.9869158440580483e+17, 487933.0488740972 
1.9869183935214323e+17, 487933.3619100861 
1.9869209051668995e+17, 487933.6703024039 
1.9869233795554288e+17, 487933.9741199391 
1.986925817239677e+17, 487934.27343055786 
1.9869282187641043e+17, 487934.56830112013 
1.9869305846650934e+17, 487934.85879749333 
1.9869329154710707e+17, 487935.144984568 
1.9869352117026246e+17, 487935.4269262719 
1.9869374738726208e+17, 487935.7046855842 
1.9869397024863174e+17, 487935.97832454985 
1.986941898041478e+17, 487936.2479042935 
1.9869440610284822e+17, 487936.5134850325 
1.9869461919304352e+17, 487936.7751260912 
1.9869482912232765e+17, 487937.0328859137 
1.9869503593758854e+17, 487937.28682207706 
1.9869523968501862e+17, 487937.53699130414 
1.986954404101251e+17, 487937.7834494762 
1.986956381577401e+17, 487938.02625164547 
1.9869583297203082e+17, 487938.2654520477 
1.9869602489650925e+17, 487938.5011041137 
1.9869621397404192e+17, 487938.7332604817 
1.986964002468595e+17, 487938.9619730091 
1.986965837565662e+17, 487939.1872927838 
1.986967645441492e+17, 487939.409270136 
1.9869694264998752e+17, 487939.62795464904 
1.9869711811386134e+17, 487939.84339517076 
1.986972909749607e+17, 487940.0556398243 
1.986974612718943e+17, 487940.26473601896 
1.9869762904269818e+17, 487940.4707304605 
1.986977943248441e+17, 487940.67366916186 
1.98697957155248e+17, 487940.87359745364 
1.9869811757027827e+17, 487941.07055999344 
1.9869827560576374e+17, 487941.26460077683 
1.9869843129700186e+17, 487941.4557631464 
1.986985846787664e+17, 487941.6440898019 
1.9869873578531536e+17, 487941.8296228094 
1.9869888465039853e+17, 487942.01240361127 
1.9869903130726512e+17, 487942.1924730347 
1.986991757886711e+17, 487942.3698713015 
1.9869931812688653e+17, 487942.5446380366 
1.9869945835370282e+17, 487942.7168122771 
1.9869959650043978e+17, 487942.8864324811 
1.9869973259795264e+17, 487943.0535365362 
1.986998666766389e+17, 487943.2181617676 
1.9869999876644525e+17, 487943.38034494716 
1.9870012889687402e+17, 487943.540122301 
1.9870025709699e+17, 487943.6975295181 
1.9870038339542688e+17, 487943.8526017577 
1.987005078203935e+17, 487944.0053736575 
1.9870063039968035e+17, 487944.1558793416 
1.987007511606656e+17, 487944.3041524274 
1.9870087013032138e+17, 487944.45022603415 
1.9870098733521968e+17, 487944.59413278935 
1.9870110280153837e+17, 487944.73590483674 
1.9870121655506694e+17, 487944.875573843 
1.987013286212124e+17, 487945.0131710053 
1.9870143902500486e+17, 487945.1487270578 
1.9870154779110307e+17, 487945.2822722786 
1.987016549438001e+17, 487945.41383649706 
1.987017605070286e+17, 487945.54344909964 
1.9870186450436627e+17, 487945.6711390371 
1.98701966959041e+17, 487945.79693483055 
1.9870206789393613e+17, 487945.9208645781 
1.9870216733159562e+17, 487946.04295596096 
1.9870226529422896e+17, 487946.1632362498 
1.9870236180371622e+17, 487946.2817323107 
1.987024568816129e+17, 487946.3984706111 
1.9870255054915475e+17, 487946.51347722596 
1.9870264282726253e+17, 487946.6267778433 
1.9870273373654662e+17, 487946.7383977701 
1.9870282329731174e+17, 487946.84836193797 
1.987029115295614e+17, 487946.9566949087 
1.9870299845300234e+17, 487947.06342087954 
1.9870308408704902e+17, 487947.16856368893 
1.987031684508279e+17, 487947.2721468217 
1.987032515631817e+17, 487947.37419341423 
1.9870333344267366e+17, 487947.4747262596 
1.9870341410759168e+17, 487947.573767813 
1.9870349357595235e+17, 487947.67134019634 
1.9870357186550502e+17, 487947.7674652033 
1.9870364899373574e+17, 487947.8621643045 
1.9870372497787117e+17, 487947.95545865176 
1.9870379983488246e+17, 487948.04736908333 
1.9870387358148902e+17, 487948.1379161283 
1.987039462341622e+17, 487948.22712001123 
1.987040178091291e+17, 487948.31500065664 
1.9870408832237603e+17, 487948.4015776934 
1.9870415778965222e+17, 487948.48687045934 
1.9870422622647325e+17, 487948.57089800533 
1.9870429364812458e+17, 487948.6536790997 
1.987043600696649e+17, 487948.7352322323 
1.9870442550592954e+17, 487948.8155756187 
1.9870448997153373e+17, 487948.89472720434 
1.9870455348087597e+17, 487948.9727046683 
1.9870461604814112e+17, 487949.0495254276 
1.9870467768730365e+17, 487949.1252066407 
1.9870473841213075e+17, 487949.1997652116 
1.9870479823618538e+17, 487949.27321779367 
1.9870485717282928e+17, 487949.345580793 
1.9870491523522602e+17, 487949.4168703724 
1.987049724363439e+17, 487949.4871024551 
1.9870502878895888e+17, 487949.5562927278 
1.9870508430565734e+17, 487949.62445664476 
1.9870513899883904e+17, 487949.6916094309 
1.9870519288071974e+17, 487949.7577660852 
1.98705245963334e+17, 487949.8229413843 
1.9870529825853792e+17, 487949.88714988553 
1.9870534977801165e+17, 487949.95040593034 
1.9870540053326214e+17, 487950.01272364735 
1.9870545053562563e+17, 487950.07411695574 
1.987054997962702e+17, 487950.13459956803 
1.9870554832619827e+17, 487950.19418499345 
1.9870559613624906e+17, 487950.2528865407 
1.9870564323710096e+17, 487950.3107173213 
1.9870568963927405e+17, 487950.36769025214 
1.9870573535313226e+17, 487950.4238180583 
1.9870578038888586e+17, 487950.4791132764 
1.9870582475659363e+17, 487950.53358825704 
1.9870586846616515e+17, 487950.5872551673 
1.98705911527363e+17, 487950.64012599434 
1.9870595394980493e+17, 487950.6922125469 
1.9870599574296605e+17, 487950.7435264589 
1.987060369161809e+17, 487950.79407919163 
1.9870607747864557e+17, 487950.84388203634 
1.9870611743941974e+17, 487950.89294611674 
1.987061568074287e+17, 487950.94128239155 
1.987061955914653e+17, 487950.98890165705 
1.9870623380019203e+17, 487951.0358145492 
1.9870627144214285e+17, 487951.0820315462 
1.9870630852572512e+17, 487951.1275629709 
1.987063450592215e+17, 487951.17241899297 
1.9870638105079178e+17, 487951.2166096313 
1.9870641650847472e+17, 487951.26014475606 
1.9870645144018986e+17, 487951.303034091 
1.987064858537392e+17, 487951.3452872157 
1.9870651975680906e+17, 487951.3869135676 
1.987065531569717e+17, 487951.42792244424 
1.9870658606168714e+17, 487951.468323005 
1.9870661847830464e+17, 487951.5081242736 
1.987066504140645e+17, 487951.5473351399 
1.9870668187609962e+17, 487951.58596436173 
1.9870671287143706e+17, 487951.6240205672 
1.9870674340699968e+17, 487951.66151225637 
1.987067734896076e+17, 487951.69844780304 
1.9870680312597984e+17, 487951.73483545694 
1.9870683232273568e+17, 487951.77068334556 
1.987068610863963e+17, 487951.8059994756 
1.9870688942338605e+17, 487951.840791735 
1.9870691734003405e+17, 487951.87506789487 
1.987069448425755e+17, 487951.90883561096 
1.9870697193715312e+17, 487951.94210242527 
1.9870699862981853e+17, 487951.9748757682 
1.9870702492653354e+17, 487952.0071629598 
1.987070508331716e+17, 487952.0389712115 
1.987070763555189e+17, 487952.07030762784 
1.9870710149927597e+17, 487952.10117920797 
1.9870712627005866e+17, 487952.13159284706 
1.9870715067339955e+17, 487952.1615553383 
1.987071747147492e+17, 487952.1910733738 
1.987071983994772e+17, 487952.2201535465 
1.9870722173287357e+17, 487952.2488023516 
1.987072447201499e+17, 487952.2770261879 
1.987072673664404e+17, 487952.3048313594 
1.987072896768031e+17, 487952.3322240764 
1.987073116562211e+17, 487952.3592104571 
1.987073333096035e+17, 487952.3857965291 
1.9870735464178662e+17, 487952.41198823054 
1.9870737565753504e+17, 487952.43779141136 
1.9870739636154262e+17, 487952.4632118348 
1.9870741675843363e+17, 487952.4882551785 
1.9870743685276374e+17, 487952.51292703615 
1.9870745664902106e+17, 487952.5372329182 
1.9870747615162707e+17, 487952.5611782534 
1.9870749536493773e+17, 487952.5847683901 
1.9870751429324432e+17, 487952.6080085972 
1.9870753294077453e+17, 487952.6309040655 
1.987075513116933e+17, 487952.6534599088 
1.987075694101038e+17, 487952.67568116495 
1.9870758724004832e+17, 487952.6975727972 
1.987076048055092e+17, 487952.71913969505 
1.9870762211040966e+17, 487952.7403866755 
1.9870763915861485e+17, 487952.7613184843 
1.9870765595393245e+17, 487952.78193979646 
1.9870767250011373e+17, 487952.8022552179 
1.987076888008543e+17, 487952.82226928615 
1.9870770485979498e+17, 487952.8419864713 
1.987077206805225e+17, 487952.8614111774 
1.9870773626657043e+17, 487952.8805477429 
1.9870775162141997e+17, 487952.89940044197 
1.9870776674850064e+17, 487952.9179734855 
1.9870778165119107e+17, 487952.93627102184 
1.987077963328198e+17, 487952.95429713774 
1.9870781079666602e+17, 487952.9720558594 
1.987078250459602e+17, 487952.98955115327 
1.9870783908388493e+17, 487953.006786927 
1.987078529135756e+17, 487953.0237670303 
1.9870786653812115e+17, 487953.04049525555 
1.9870787996056458e+17, 487953.05697533913 
1.987078931839038e+17, 487953.073210962 
1.987079062110923e+17, 487953.0892057504 
1.9870791904503965e+17, 487953.10496327665 
1.9870793168861238e+17, 487953.12048706034 
1.9870794414463443e+17, 487953.1357805688 
1.9870795641588787e+17, 487953.1508472178 
1.987079685051135e+17, 487953.1656903726 
1.9870798041501146e+17, 487953.1803133483 
1.9870799214824182e+17, 487953.1947194111 
1.9870800370742525e+17, 487953.20891177864 
1.987080150951435e+17, 487953.2228936207 
1.9870802631394e+17, 487953.23666806036 
1.9870803736632048e+17, 487953.25023817393 
1.9870804825475354e+17, 487953.2636069925 
1.9870805898167107e+17, 487953.276777502 
1.98708069549469e+17, 487953.28975264396 
1.9870807996050762e+17, 487953.3025353166 
1.9870809021711226e+17, 487953.3151283749 
1.9870810032157373e+17, 487953.32753463153 
1.9870811027614886e+17, 487953.3397568574 
1.9870812008306106e+17, 487953.35179778235 
1.9870812974450067e+17, 487953.3636600959 
1.987081392626256e+17, 487953.3753464474 
1.9870814863956176e+17, 487953.38685944706 
1.9870815787740346e+17, 487953.39820166636 
1.9870816697821398e+17, 487953.4093756386 
1.9870817594402605e+17, 487953.4203838594 
1.9870818477684214e+17, 487953.43122878764 
1.987081934786351e+17, 487953.4419128455 
1.9870820205134848e+17, 487953.4524384192 
1.98708210496897e+17, 487953.4628078598 
1.9870821881716694e+17, 487953.4730234832 
1.987082270140167e+17, 487953.4830875711 
1.9870823508927706e+17, 487953.4930023714 
1.9870824304475158e+17, 487953.50277009857 
1.9870825088221718e+17, 487953.5123929342 
1.9870825860342435e+17, 487953.52187302767 
1.987082662100976e+17, 487953.5312124963 
1.9870827370393594e+17, 487953.540413426 
1.987082810866131e+17, 487953.549477872 
1.98708288359778e+17, 487953.5584078587 
1.987082955250551e+17, 487953.5672053807 
1.987083025840448e+17, 487953.57587240305 
1.9870830953832374e+17, 487953.58441086137 
1.9870831638944515e+17, 487953.59282266273 
1.9870832313893923e+17, 487953.60110968613 
1.987083297883135e+17, 487953.6092737823 
1.987083363390531e+17, 487953.6173167748 
1.9870834279262112e+17, 487953.62524046 
1.98708349150459e+17, 487953.6330466076 
1.9870835541398678e+17, 487953.64073696133 
1.9870836158460342e+17, 487953.64831323863 
1.987083676636871e+17, 487953.6557771318 
1.9870837365259565e+17, 487953.663130308 
1.9870837955266666e+17, 487953.6703744093 
1.987083853652179e+17, 487953.6775110538 
1.9870839109154762e+17, 487953.68454183557 
1.9870839673293482e+17, 487953.691468325 
1.9870840229063952e+17, 487953.69829206885 
1.98708407765903e+17, 487953.7050145915 
1.9870841315994822e+17, 487953.7116373943 
1.987084184739799e+17, 487953.7181619565 
1.9870842370918496e+17, 487953.7245897354 
1.9870842886673267e+17, 487953.7309221666 
1.9870843394777498e+17, 487953.73716066446 
1.9870843895344675e+17, 487953.7433066224 
1.98708443884866e+17, 487953.74936141307 
1.9870844874313414e+17, 487953.7553263888 
1.9870845352933632e+17, 487953.76120288204 
1.9870845824454154e+17, 487953.7669922052 
1.987084628898029e+17, 487953.77269565134 
1.9870846746615798e+17, 487953.77831449435 
1.9870847197462886e+17, 487953.7838499891 
1.9870847641622256e+17, 487953.7893033721 
1.9870848079193107e+17, 487953.79467586125 
1.9870848510273174e+17, 487953.7999686567 
1.987084893495874e+17, 487953.80518294044 
1.9870849353344656e+17, 487953.81031987706 
1.987084976552437e+17, 487953.815380614 
1.9870850171589946e+17, 487953.8203662816 
1.9870850571632074e+17, 487953.82527799334 
1.9870850965740106e+17, 487953.83011684625 
1.9870851354002067e+17, 487953.83488392114 
1.9870851736504675e+17, 487953.83958028274 
1.9870852113333363e+17, 487953.84420697996 
1.9870852484572298e+17, 487953.8487650463 
1.9870852850304394e+17, 487953.8532554996 
1.9870853210611338e+17, 487953.857679343 
1.9870853565573603e+17, 487953.8620375645 
1.9870853915270474e+17, 487953.8663311375 
1.9870854259780054e+17, 487953.870561021 
1.987085459917929e+17, 487953.87472815963 
1.9870854933543987e+17, 487953.87883348437 
1.9870855262948826e+17, 487953.88287791196 
1.987085558746738e+17, 487953.88686234574 
1.987085590717213e+17, 487953.89078767574 
1.9870856222134486e+17, 487953.89465477865 
1.987085653242479e+17, 487953.8984645181 
1.987085683811235e+17, 487953.90221774514 
1.9870857139265437e+17, 487953.905915298 
1.9870857435951315e+17, 487953.90955800243 
1.9870857728236253e+17, 487953.91314667225 
1.987085801618553e+17, 487953.91668210883 
1.987085829986346e+17, 487953.9201651018 
1.98708585793334e+17, 487953.92359642923 
1.9870858854657776e+17, 487953.9269768574 
1.987085912589808e+17, 487953.9303071414 
1.9870859393114893e+17, 487953.933588025 
1.9870859656367898e+17, 487953.9368202409 
1.987085991571589e+17, 487953.9400045113 
1.98708601712168e+17, 487953.94314154715 
1.9870860422927693e+17, 487953.94623204926 
1.9870860670904787e+17, 487953.94927670783 
1.987086091520347e+17, 487953.95227620285 
1.98708611558783e+17, 487953.95523120434 
1.987086139298304e+17, 487953.95814237226 
1.9870861626570646e+17, 487953.96101035684 
1.987086185669329e+17, 487953.9638357987 
1.9870862083402368e+17, 487953.9666193288 
1.9870862306748515e+17, 487953.9693615689 
1.987086252678162e+17, 487953.9720631315 
1.9870862743550822e+17, 487953.97472462 
1.987086295710454e+17, 487953.9773466288 
1.9870863167490474e+17, 487953.9799297435 
1.987086337475561e+17, 487953.9824745412 
1.987086357894624e+17, 487953.98498159007 
1.9870863780107974e+17, 487953.98745145026 
1.9870863978285738e+17, 487953.9898846732 
1.9870864173523798e+17, 487953.9922818026 
1.987086436586576e+17, 487953.9946433737 
1.9870864555354582e+17, 487953.99696991406 
1.987086474203259e+17, 487953.9992619432 
1.9870864925941475e+17, 487954.0015199732 
1.9870865107122317e+17, 487954.00374450826 
1.9870865285615578e+17, 487954.0059360452 
1.987086546146113e+17, 487954.00809507363 
1.9870865634698243e+17, 487954.01022207574 
1.9870865805365616e+17, 487954.01231752656 
1.9870865973501363e+17, 487954.01438189414 
1.9870866139143037e+17, 487954.0164156395 
1.9870866302327638e+17, 487954.018419217 
1.987086646309161e+17, 487954.020393074 
1.987086662147086e+17, 487954.02233765146 
1.9870866777500765e+17, 487954.02425338374 
1.9870866931216173e+17, 487954.0261406986 
1.9870867082651414e+17, 487954.0280000176 
1.9870867231840317e+17, 487954.02983175614 
1.98708673788162e+17, 487954.03163632314 
1.9870867523611888e+17, 487954.03341412195 
1.9870867666259725e+17, 487954.0351655493 
1.9870867806791568e+17, 487954.0368909966 
1.9870867945238806e+17, 487954.0385908491 
1.9870868081632365e+17, 487954.04026548663 
1.9870868216002704e+17, 487954.041915283 
1.9870868348379837e+17, 487954.0435406069 
1.987086847879333e+17, 487954.04514182126 
1.9870868607272314e+17, 487954.04671928374 
1.9870868733845482e+17, 487954.0482733466 
1.9870868858541104e+17, 487954.04980435706 
1.987086898138703e+17, 487954.0513126569 
1.98708691024107e+17, 487954.0527985832 
1.9870869221639146e+17, 487954.0542624677 
1.9870869339098992e+17, 487954.0557046374 
1.9870869454816477e+17, 487954.0571254144 
1.9870869568817446e+17, 487954.058525116 
1.9870869681127363e+17, 487954.0599040549 
1.9870869791771312e+17, 487954.0612625392 
1.9870869900774003e+17, 487954.0626008721 
1.9870870008159782e+17, 487954.0639193525 
1.9870870113952637e+17, 487954.06521827506 
1.9870870218176195e+17, 487954.06649792986 
1.9870870320853734e+17, 487954.0677586026 
1.987087042200819e+17, 487954.06900057505 
1.987087052166215e+17, 487954.07022412436 
1.9870870619837875e+17, 487954.07142952393 
1.9870870716557293e+17, 487954.07261704304 
